,Wikipedia_Article,path
0,/wiki/Python_(programming_language),"['/wiki/Python_(programming_language)', '/wiki/High-level_programming_language', '/wiki/Programming_language', '/wiki/Computer_program', '/wiki/Sequence', '/wiki/Mathematics', '/wiki/Mathematical_theory', '/wiki/Logical_reasoning', '/wiki/Mind', '/wiki/Thought', '/wiki/Cognition', '/wiki/Action_(philosophy)', '/wiki/Philosophy']"
1,/wiki/Artificial_intelligence,"['/wiki/Artificial_intelligence', '/wiki/Intelligence', '/wiki/Abstraction', '/wiki/Rule_of_inference', '/wiki/Philosophy_of_logic', '/wiki/Philosophy']"
2,/wiki/Machine_learning,"['/wiki/Machine_learning', '/wiki/Field_of_study', '/wiki/Knowledge', '/wiki/Declarative_knowledge', '/wiki/Awareness', '/wiki/Philosophy']"
3,/wiki/Deep_learning,"['/wiki/Deep_learning', '/wiki/Machine_learning', '/wiki/Field_of_study', '/wiki/Knowledge', '/wiki/Declarative_knowledge', '/wiki/Awareness', '/wiki/Philosophy']"
4,/wiki/Neural_network,"['/wiki/Neural_network', '/wiki/Neurons', '/wiki/Membrane_potential#Cell_excitability', '/wiki/Electric_potential', '/wiki/Work_(physics)', '/wiki/Energy', '/wiki/Physical_quantity', '/wiki/Quantification_(science)', '/wiki/Mathematics', '/wiki/Mathematical_theory', '/wiki/Logical_reasoning', '/wiki/Mind', '/wiki/Thought', '/wiki/Cognition', '/wiki/Action_(philosophy)', '/wiki/Philosophy']"
5,/wiki/Computer_vision,"['/wiki/Computer_vision', '/wiki/Image_sensor', '/wiki/Attenuation', '/wiki/Physics', '/wiki/Scientific', '/wiki/Scientific_method', '/wiki/Empirical_evidence', '/wiki/Evidence', '/wiki/Proposition', '/wiki/Philosophy_of_language', '/wiki/Philosophy']"
6,/wiki/Natural_language_processing,"['/wiki/Natural_language_processing', '/wiki/Computer_science', '/wiki/Computation', '/wiki/Arithmetic', '/wiki/Mathematics', '/wiki/Mathematical_theory', '/wiki/Logical_reasoning', '/wiki/Mind', '/wiki/Thought', '/wiki/Cognition', '/wiki/Action_(philosophy)', '/wiki/Philosophy']"
7,/wiki/Robotics,"['/wiki/Robotics', '/wiki/Interdisciplinary', '/wiki/Academic_discipline', '/wiki/Knowledge', '/wiki/Declarative_knowledge', '/wiki/Awareness', '/wiki/Philosophy']"
8,/wiki/Data_science,"['/wiki/Data_science', '/wiki/Interdisciplinary', '/wiki/Academic_discipline', '/wiki/Knowledge', '/wiki/Declarative_knowledge', '/wiki/Awareness', '/wiki/Philosophy']"
9,/wiki/Big_data,"['/wiki/Big_data', '/wiki/Data_set', '/wiki/Data', '/wiki/Value_(semiotics)', '/wiki/Semiotics', '/wiki/Semiosis', '/wiki/Action_(philosophy)', '/wiki/Philosophy']"
10,/wiki/Cloud_computing,"['/wiki/Cloud_computing', '/wiki/International_Organization_for_Standardization', '/wiki/Non-governmental_organization', '/wiki/Nonprofit_organization', '/wiki/Profit_(accounting)', '/wiki/Accounting', '/wiki/Economic_entity', '/wiki/Generally_accepted_accounting_principles', '/wiki/Cash_method_of_accounting', '/wiki/Basis_of_accounting', '/wiki/Accounting']"
11,/wiki/Cybersecurity,"['/wiki/Cybersecurity', '/wiki/Computer_software', '/wiki/Computer_program', '/wiki/Sequence', '/wiki/Mathematics', '/wiki/Mathematical_theory', '/wiki/Logical_reasoning', '/wiki/Mind', '/wiki/Thought', '/wiki/Cognition', '/wiki/Action_(philosophy)', '/wiki/Philosophy']"
12,/wiki/Quantum_computing,"['/wiki/Quantum_computing', '/wiki/Computer', '/wiki/Machine', '/wiki/Power_(physics)', '/wiki/Energy', '/wiki/Physical_quantity', '/wiki/Quantification_(science)', '/wiki/Mathematics', '/wiki/Mathematical_theory', '/wiki/Logical_reasoning', '/wiki/Mind', '/wiki/Thought', '/wiki/Cognition', '/wiki/Action_(philosophy)', '/wiki/Philosophy']"
13,/wiki/Internet_of_things,"['/wiki/Internet_of_things', '/wiki/Sensor', '/wiki/Micromachinery', '/wiki/Mechanics', '/wiki/Physics', '/wiki/Scientific', '/wiki/Scientific_method', '/wiki/Empirical_evidence', '/wiki/Evidence', '/wiki/Proposition', '/wiki/Philosophy_of_language', '/wiki/Philosophy']"
14,/wiki/Blockchain,"['/wiki/Blockchain', '/wiki/Distributed_ledger', '/wiki/Data', '/wiki/Value_(semiotics)', '/wiki/Semiotics', '/wiki/Semiosis', '/wiki/Action_(philosophy)', '/wiki/Philosophy']"
15,/wiki/Cryptocurrency,"['/wiki/Cryptocurrency', '/wiki/Digital_currency', '/wiki/Currency', '/wiki/Money', '/wiki/Payment', '/wiki/Value_(economics)', '/wiki/Economics', '/wiki/Social_science', '/wiki/Branches_of_science', '/wiki/Science', '/wiki/Scientific_method', '/wiki/Empirical_evidence', '/wiki/Evidence', '/wiki/Proposition', '/wiki/Philosophy_of_language', '/wiki/Philosophy']"
16,/wiki/Virtual_reality,"['/wiki/Virtual_reality', '/wiki/Simulation', '/wiki/Model', '/wiki/Plan_(drawing)', '/wiki/Technical_drawing', '/wiki/Visual_communication', '/wiki/Signage', '/wiki/Symbol', '/wiki/Sign_(semiotics)', '/wiki/Semiotics', '/wiki/Semiosis', '/wiki/Action_(philosophy)', '/wiki/Philosophy']"
17,/wiki/Augmented_reality,"['/wiki/Augmented_reality', '/wiki/Modality_(human%E2%80%93computer_interaction)', '/wiki/Human%E2%80%93computer_interaction', '/wiki/Computing', '/wiki/Computer', '/wiki/Machine', '/wiki/Power_(physics)', '/wiki/Energy', '/wiki/Physical_quantity', '/wiki/Quantification_(science)', '/wiki/Mathematics', '/wiki/Mathematical_theory', '/wiki/Logical_reasoning', '/wiki/Mind', '/wiki/Thought', '/wiki/Cognition', '/wiki/Action_(philosophy)', '/wiki/Philosophy']"
18,/wiki/Software_engineering,"['/wiki/Software_engineering', '/wiki/Computer_science', '/wiki/Computation', '/wiki/Arithmetic', '/wiki/Mathematics', '/wiki/Mathematical_theory', '/wiki/Logical_reasoning', '/wiki/Mind', '/wiki/Thought', '/wiki/Cognition', '/wiki/Action_(philosophy)', '/wiki/Philosophy']"
19,/wiki/Operating_system,"['/wiki/Operating_system', '/wiki/System_software', '/wiki/Software', '/wiki/Computer_program', '/wiki/Sequence', '/wiki/Mathematics', '/wiki/Mathematical_theory', '/wiki/Logical_reasoning', '/wiki/Mind', '/wiki/Thought', '/wiki/Cognition', '/wiki/Action_(philosophy)', '/wiki/Philosophy']"
20,/wiki/Computer_network,"['/wiki/Computer_network', '/wiki/Computer', '/wiki/Machine', '/wiki/Power_(physics)', '/wiki/Energy', '/wiki/Physical_quantity', '/wiki/Quantification_(science)', '/wiki/Mathematics', '/wiki/Mathematical_theory', '/wiki/Logical_reasoning', '/wiki/Mind', '/wiki/Thought', '/wiki/Cognition', '/wiki/Action_(philosophy)', '/wiki/Philosophy']"
21,/wiki/Database,"['/wiki/Database', '/wiki/Computing', '/wiki/Computer', '/wiki/Machine', '/wiki/Power_(physics)', '/wiki/Energy', '/wiki/Physical_quantity', '/wiki/Quantification_(science)', '/wiki/Mathematics', '/wiki/Mathematical_theory', '/wiki/Logical_reasoning', '/wiki/Mind', '/wiki/Thought', '/wiki/Cognition', '/wiki/Action_(philosophy)', '/wiki/Philosophy']"
22,/wiki/Algorithm,"['/wiki/Algorithm', '/wiki/Mathematics', '/wiki/Mathematical_theory', '/wiki/Logical_reasoning', '/wiki/Mind', '/wiki/Thought', '/wiki/Cognition', '/wiki/Action_(philosophy)', '/wiki/Philosophy']"
23,/wiki/Data_structure,"['/wiki/Data_structure', '/wiki/Computer_science', '/wiki/Computation', '/wiki/Arithmetic', '/wiki/Mathematics', '/wiki/Mathematical_theory', '/wiki/Logical_reasoning', '/wiki/Mind', '/wiki/Thought', '/wiki/Cognition', '/wiki/Action_(philosophy)', '/wiki/Philosophy']"
24,/wiki/Programming_language,"['/wiki/Programming_language', '/wiki/Computer_program', '/wiki/Sequence', '/wiki/Mathematics', '/wiki/Mathematical_theory', '/wiki/Logical_reasoning', '/wiki/Mind', '/wiki/Thought', '/wiki/Cognition', '/wiki/Action_(philosophy)', '/wiki/Philosophy']"
25,/wiki/Java_(programming_language),"['/wiki/Java_(programming_language)', '/wiki/High-level_programming_language', '/wiki/Programming_language', '/wiki/Computer_program', '/wiki/Sequence', '/wiki/Mathematics', '/wiki/Mathematical_theory', '/wiki/Logical_reasoning', '/wiki/Mind', '/wiki/Thought', '/wiki/Cognition', '/wiki/Action_(philosophy)', '/wiki/Philosophy']"
26,/wiki/JavaScript,"['/wiki/JavaScript', '/wiki/Programming_language', '/wiki/Computer_program', '/wiki/Sequence', '/wiki/Mathematics', '/wiki/Mathematical_theory', '/wiki/Logical_reasoning', '/wiki/Mind', '/wiki/Thought', '/wiki/Cognition', '/wiki/Action_(philosophy)', '/wiki/Philosophy']"
27,/wiki/C_(programming_language),"['/wiki/C_(programming_language)', '/wiki/General-purpose_programming_language', '/wiki/Computer_software', '/wiki/Computer_program', '/wiki/Sequence', '/wiki/Mathematics', '/wiki/Mathematical_theory', '/wiki/Logical_reasoning', '/wiki/Mind', '/wiki/Thought', '/wiki/Cognition', '/wiki/Action_(philosophy)', '/wiki/Philosophy']"
28,/wiki/C%2B%2B,"['/wiki/C%2B%2B', '/wiki/High-level_programming_language', '/wiki/Programming_language', '/wiki/Computer_program', '/wiki/Sequence', '/wiki/Mathematics', '/wiki/Mathematical_theory', '/wiki/Logical_reasoning', '/wiki/Mind', '/wiki/Thought', '/wiki/Cognition', '/wiki/Action_(philosophy)', '/wiki/Philosophy']"
29,/wiki/C_Sharp_(programming_language),"['/wiki/C_Sharp_(programming_language)', '/wiki/General-purpose_programming_language', '/wiki/Computer_software', '/wiki/Computer_program', '/wiki/Sequence', '/wiki/Mathematics', '/wiki/Mathematical_theory', '/wiki/Logical_reasoning', '/wiki/Mind', '/wiki/Thought', '/wiki/Cognition', '/wiki/Action_(philosophy)', '/wiki/Philosophy']"
30,/wiki/Swift_(programming_language),"['/wiki/Swift_(programming_language)', '/wiki/High-level_programming_language', '/wiki/Programming_language', '/wiki/Computer_program', '/wiki/Sequence', '/wiki/Mathematics', '/wiki/Mathematical_theory', '/wiki/Logical_reasoning', '/wiki/Mind', '/wiki/Thought', '/wiki/Cognition', '/wiki/Action_(philosophy)', '/wiki/Philosophy']"
31,/wiki/Kotlin_(programming_language),"['/wiki/Kotlin_(programming_language)', '/wiki/Cross-platform_software', '/wiki/Computing', '/wiki/Computer', '/wiki/Machine', '/wiki/Power_(physics)', '/wiki/Energy', '/wiki/Physical_quantity', '/wiki/Quantification_(science)', '/wiki/Mathematics', '/wiki/Mathematical_theory', '/wiki/Logical_reasoning', '/wiki/Mind', '/wiki/Thought', '/wiki/Cognition', '/wiki/Action_(philosophy)', '/wiki/Philosophy']"
32,/wiki/Rust_(programming_language),"['/wiki/Rust_(programming_language)', '/wiki/General-purpose_programming_language', '/wiki/Computer_software', '/wiki/Computer_program', '/wiki/Sequence', '/wiki/Mathematics', '/wiki/Mathematical_theory', '/wiki/Logical_reasoning', '/wiki/Mind', '/wiki/Thought', '/wiki/Cognition', '/wiki/Action_(philosophy)', '/wiki/Philosophy']"
33,/wiki/Go_(programming_language),"['/wiki/Go_(programming_language)', '/wiki/High-level_programming_language', '/wiki/Programming_language', '/wiki/Computer_program', '/wiki/Sequence', '/wiki/Mathematics', '/wiki/Mathematical_theory', '/wiki/Logical_reasoning', '/wiki/Mind', '/wiki/Thought', '/wiki/Cognition', '/wiki/Action_(philosophy)', '/wiki/Philosophy']"
34,/wiki/PHP,"['/wiki/PHP', '/wiki/General-purpose_programming_language', '/wiki/Computer_software', '/wiki/Computer_program', '/wiki/Sequence', '/wiki/Mathematics', '/wiki/Mathematical_theory', '/wiki/Logical_reasoning', '/wiki/Mind', '/wiki/Thought', '/wiki/Cognition', '/wiki/Action_(philosophy)', '/wiki/Philosophy']"
35,/wiki/R_(programming_language),"['/wiki/R_(programming_language)', '/wiki/Programming_language', '/wiki/Computer_program', '/wiki/Sequence', '/wiki/Mathematics', '/wiki/Mathematical_theory', '/wiki/Logical_reasoning', '/wiki/Mind', '/wiki/Thought', '/wiki/Cognition', '/wiki/Action_(philosophy)', '/wiki/Philosophy']"
36,/wiki/SQL,"['/wiki/SQL', '/wiki/Domain-specific_language', '/wiki/Computer_language', '/wiki/Formal_language', '/wiki/Logic', '/wiki/Logical_reasoning', '/wiki/Mind', '/wiki/Thought', '/wiki/Cognition', '/wiki/Action_(philosophy)', '/wiki/Philosophy']"
37,/wiki/NoSQL,"['/wiki/NoSQL', '/wiki/Database', '/wiki/Computing', '/wiki/Computer', '/wiki/Machine', '/wiki/Power_(physics)', '/wiki/Energy', '/wiki/Physical_quantity', '/wiki/Quantification_(science)', '/wiki/Mathematics', '/wiki/Mathematical_theory', '/wiki/Logical_reasoning', '/wiki/Mind', '/wiki/Thought', '/wiki/Cognition', '/wiki/Action_(philosophy)', '/wiki/Philosophy']"
38,/wiki/Software_testing,"['/wiki/Software_testing', '/wiki/Software', '/wiki/Computer_program', '/wiki/Sequence', '/wiki/Mathematics', '/wiki/Mathematical_theory', '/wiki/Logical_reasoning', '/wiki/Mind', '/wiki/Thought', '/wiki/Cognition', '/wiki/Action_(philosophy)', '/wiki/Philosophy']"
39,/wiki/DevOps,"['/wiki/DevOps', '/wiki/Software_development', '/wiki/Designing', '/wiki/Process', '/wiki/Action_(philosophy)', '/wiki/Philosophy']"
40,/wiki/Continuous_integration,"['/wiki/Continuous_integration', '/wiki/Source_code', '/wiki/Computing', '/wiki/Computer', '/wiki/Machine', '/wiki/Power_(physics)', '/wiki/Energy', '/wiki/Physical_quantity', '/wiki/Quantification_(science)', '/wiki/Mathematics', '/wiki/Mathematical_theory', '/wiki/Logical_reasoning', '/wiki/Mind', '/wiki/Thought', '/wiki/Cognition', '/wiki/Action_(philosophy)', '/wiki/Philosophy']"
41,/wiki/Continuous_delivery,"['/wiki/Continuous_delivery', '/wiki/Software_engineering', '/wiki/Computer_science', '/wiki/Computation', '/wiki/Arithmetic', '/wiki/Mathematics', '/wiki/Mathematical_theory', '/wiki/Logical_reasoning', '/wiki/Mind', '/wiki/Thought', '/wiki/Cognition', '/wiki/Action_(philosophy)', '/wiki/Philosophy']"
42,/wiki/Microservices,"['/wiki/Microservices', '/wiki/Native_cloud_application', '/wiki/Amazon_EC2', '/wiki/Amazon_(company)', '/wiki/Doing_business_as', '/wiki/Pseudonym', '/wiki/Anonymity', '/wiki/Privacy', '/wiki/Information', '/wiki/Abstraction', '/wiki/Rule_of_inference', '/wiki/Philosophy_of_logic', '/wiki/Philosophy']"
43,/wiki/Docker_(software),"['/wiki/Docker_(software)', '/wiki/Platform_as_a_service', '/wiki/Cloud_computing#Service_models', '/wiki/International_Organization_for_Standardization', '/wiki/Non-governmental_organization', '/wiki/Nonprofit_organization', '/wiki/Profit_(accounting)', '/wiki/Accounting', '/wiki/Economic_entity', '/wiki/Generally_accepted_accounting_principles', '/wiki/Cash_method_of_accounting', '/wiki/Basis_of_accounting', '/wiki/Accounting']"
44,/wiki/Kubernetes,"['/wiki/Kubernetes', '/wiki/Open-source_software', '/wiki/Software', '/wiki/Computer_program', '/wiki/Sequence', '/wiki/Mathematics', '/wiki/Mathematical_theory', '/wiki/Logical_reasoning', '/wiki/Mind', '/wiki/Thought', '/wiki/Cognition', '/wiki/Action_(philosophy)', '/wiki/Philosophy']"
45,/wiki/Cloud_native_computing,"['/wiki/Cloud_native_computing', '/wiki/Software_development', '/wiki/Designing', '/wiki/Process', '/wiki/Action_(philosophy)', '/wiki/Philosophy']"
46,/wiki/Serverless_computing,"['/wiki/Serverless_computing', '/wiki/International_Organization_for_Standardization', '/wiki/Non-governmental_organization', '/wiki/Nonprofit_organization', '/wiki/Profit_(accounting)', '/wiki/Accounting', '/wiki/Economic_entity', '/wiki/Generally_accepted_accounting_principles', '/wiki/Cash_method_of_accounting', '/wiki/Basis_of_accounting', '/wiki/Accounting']"
47,/wiki/Edge_computing,"['/wiki/Edge_computing', '/wiki/Latency_(engineering)', '/wiki/Causality', '/wiki/Event_(philosophy)', '/wiki/Philosophy']"
48,/wiki/5G,"['/wiki/5G', '/wiki/Telecommunications', '/wiki/Communication_channel', '/wiki/Transmission_medium', '/wiki/Wave_propagation', '/wiki/Physics', '/wiki/Scientific', '/wiki/Scientific_method', '/wiki/Empirical_evidence', '/wiki/Evidence', '/wiki/Proposition', '/wiki/Philosophy_of_language', '/wiki/Philosophy']"
49,/wiki/Wireless_network,"['/wiki/Wireless_network', '/wiki/Computer_network', '/wiki/Computer', '/wiki/Machine', '/wiki/Power_(physics)', '/wiki/Energy', '/wiki/Physical_quantity', '/wiki/Quantification_(science)', '/wiki/Mathematics', '/wiki/Mathematical_theory', '/wiki/Logical_reasoning', '/wiki/Mind', '/wiki/Thought', '/wiki/Cognition', '/wiki/Action_(philosophy)', '/wiki/Philosophy']"
50,/wiki/Artificial_general_intelligence,"['/wiki/Artificial_general_intelligence', '/wiki/Artificial_intelligence', '/wiki/Intelligence', '/wiki/Abstraction', '/wiki/Rule_of_inference', '/wiki/Philosophy_of_logic', '/wiki/Philosophy']"
51,/wiki/Superintelligence,"['/wiki/Superintelligence', '/wiki/Intelligent_agent', '/wiki/Artificial_intelligence', '/wiki/Intelligence', '/wiki/Abstraction', '/wiki/Rule_of_inference', '/wiki/Philosophy_of_logic', '/wiki/Philosophy']"
52,/wiki/Computer_graphics,"['/wiki/Computer_graphics', '/wiki/Image', '/wiki/Two-dimensional_space', '/wiki/Mathematical_space', '/wiki/Mathematics', '/wiki/Mathematical_theory', '/wiki/Logical_reasoning', '/wiki/Mind', '/wiki/Thought', '/wiki/Cognition', '/wiki/Action_(philosophy)', '/wiki/Philosophy']"
53,/wiki/Game_development,"['/wiki/Game_development', '/wiki/Video_game', '/wiki/Electronic_game', '/wiki/Game', '/wiki/Play_(activity)', '/wiki/Motivation#Intrinsic_and_extrinsic', '/wiki/Mental_state', '/wiki/Mind', '/wiki/Thought', '/wiki/Cognition', '/wiki/Action_(philosophy)', '/wiki/Philosophy']"
54,/wiki/Unreal_Engine,"['/wiki/Unreal_Engine', '/wiki/Game_engine', '/wiki/Software_framework', '/wiki/Computer_programming', '/wiki/Computer_program', '/wiki/Sequence', '/wiki/Mathematics', '/wiki/Mathematical_theory', '/wiki/Logical_reasoning', '/wiki/Mind', '/wiki/Thought', '/wiki/Cognition', '/wiki/Action_(philosophy)', '/wiki/Philosophy']"
55,/wiki/Unity_(game_engine),"['/wiki/Unity_(game_engine)', '/wiki/Cross-platform', '/wiki/Computing', '/wiki/Computer', '/wiki/Machine', '/wiki/Power_(physics)', '/wiki/Energy', '/wiki/Physical_quantity', '/wiki/Quantification_(science)', '/wiki/Mathematics', '/wiki/Mathematical_theory', '/wiki/Logical_reasoning', '/wiki/Mind', '/wiki/Thought', '/wiki/Cognition', '/wiki/Action_(philosophy)', '/wiki/Philosophy']"
56,/wiki/OpenGL,"['/wiki/OpenGL', '/wiki/Language-independent_specification', '/wiki/Programming_language_specification', '/wiki/Computer_programming', '/wiki/Computer_program', '/wiki/Sequence', '/wiki/Mathematics', '/wiki/Mathematical_theory', '/wiki/Logical_reasoning', '/wiki/Mind', '/wiki/Thought', '/wiki/Cognition', '/wiki/Action_(philosophy)', '/wiki/Philosophy']"
57,/wiki/Vulkan_(API),"['/wiki/Vulkan_(API)', '/wiki/Overhead_(computing)', '/wiki/Engineering_overhead', '/wiki/Engineering', '/wiki/Natural_science', '/wiki/Branches_of_science', '/wiki/Science', '/wiki/Scientific_method', '/wiki/Empirical_evidence', '/wiki/Evidence', '/wiki/Proposition', '/wiki/Philosophy_of_language', '/wiki/Philosophy']"
58,/wiki/Web_development,"['/wiki/Web_development', '/wiki/Web_site', '/wiki/Web_page', '/wiki/World_Wide_Web', '/wiki/Information_system', '/wiki/Sociotechnical', '/wiki/Organizational_development', '/wiki/Organizational_change', '/wiki/Human_behavior', '/wiki/Human', '/wiki/Species', '/wiki/Organism', '/wiki/Life', '/wiki/Matter', '/wiki/Classical_physics', '/wiki/Physics', '/wiki/Scientific', '/wiki/Scientific_method', '/wiki/Empirical_evidence', '/wiki/Evidence', '/wiki/Proposition', '/wiki/Philosophy_of_language', '/wiki/Philosophy']"
59,/wiki/Frontend_and_backend,"['/wiki/Frontend_and_backend', '/wiki/Software_development', '/wiki/Designing', '/wiki/Process', '/wiki/Action_(philosophy)', '/wiki/Philosophy']"
60,/wiki/React_(JavaScript_library),"['/wiki/React_(JavaScript_library)', '/wiki/Free_and_open-source_software', '/wiki/Software', '/wiki/Computer_program', '/wiki/Sequence', '/wiki/Mathematics', '/wiki/Mathematical_theory', '/wiki/Logical_reasoning', '/wiki/Mind', '/wiki/Thought', '/wiki/Cognition', '/wiki/Action_(philosophy)', '/wiki/Philosophy']"
61,/wiki/Angular_(web_framework),"['/wiki/Angular_(web_framework)', '/wiki/TypeScript', '/wiki/Free_and_open-source', '/wiki/Software', '/wiki/Computer_program', '/wiki/Sequence', '/wiki/Mathematics', '/wiki/Mathematical_theory', '/wiki/Logical_reasoning', '/wiki/Mind', '/wiki/Thought', '/wiki/Cognition', '/wiki/Action_(philosophy)', '/wiki/Philosophy']"
62,/wiki/Vue.js,"['/wiki/Vue.js', '/wiki/Model%E2%80%93view%E2%80%93viewmodel', '/wiki/Architectural_pattern', '/wiki/List_of_software_architecture_styles_and_patterns', '/wiki/Software_design_pattern', '/wiki/Software_engineering', '/wiki/Computer_science', '/wiki/Computation', '/wiki/Arithmetic', '/wiki/Mathematics', '/wiki/Mathematical_theory', '/wiki/Logical_reasoning', '/wiki/Mind', '/wiki/Thought', '/wiki/Cognition', '/wiki/Action_(philosophy)', '/wiki/Philosophy']"
63,/wiki/Node.js,"['/wiki/Node.js', '/wiki/Cross-platform', '/wiki/Computing', '/wiki/Computer', '/wiki/Machine', '/wiki/Power_(physics)', '/wiki/Energy', '/wiki/Physical_quantity', '/wiki/Quantification_(science)', '/wiki/Mathematics', '/wiki/Mathematical_theory', '/wiki/Logical_reasoning', '/wiki/Mind', '/wiki/Thought', '/wiki/Cognition', '/wiki/Action_(philosophy)', '/wiki/Philosophy']"
64,/wiki/Express.js,"['/wiki/Express.js', '/wiki/Front_end_and_back_end', '/wiki/Software_development', '/wiki/Designing', '/wiki/Process', '/wiki/Action_(philosophy)', '/wiki/Philosophy']"
65,/wiki/Django_(web_framework),"['/wiki/Django_(web_framework)', '/wiki/Free_and_open-source_software', '/wiki/Software', '/wiki/Computer_program', '/wiki/Sequence', '/wiki/Mathematics', '/wiki/Mathematical_theory', '/wiki/Logical_reasoning', '/wiki/Mind', '/wiki/Thought', '/wiki/Cognition', '/wiki/Action_(philosophy)', '/wiki/Philosophy']"
66,/wiki/Flask_(web_framework),"['/wiki/Flask_(web_framework)', '/wiki/Web_framework', '/wiki/Software_framework', '/wiki/Computer_programming', '/wiki/Computer_program', '/wiki/Sequence', '/wiki/Mathematics', '/wiki/Mathematical_theory', '/wiki/Logical_reasoning', '/wiki/Mind', '/wiki/Thought', '/wiki/Cognition', '/wiki/Action_(philosophy)', '/wiki/Philosophy']"
67,/wiki/Ruby_on_Rails,"['/wiki/Ruby_on_Rails', '/wiki/Server-side', '/wiki/Distributed_application', '/wiki/Computer_science', '/wiki/Computation', '/wiki/Arithmetic', '/wiki/Mathematics', '/wiki/Mathematical_theory', '/wiki/Logical_reasoning', '/wiki/Mind', '/wiki/Thought', '/wiki/Cognition', '/wiki/Action_(philosophy)', '/wiki/Philosophy']"
68,/wiki/ASP.NET,"['/wiki/ASP.NET', '/wiki/Server-side_scripting', '/wiki/Web_development', '/wiki/Web_site', '/wiki/Web_page', '/wiki/World_Wide_Web', '/wiki/Information_system', '/wiki/Sociotechnical', '/wiki/Organizational_development', '/wiki/Organizational_change', '/wiki/Human_behavior', '/wiki/Human', '/wiki/Species', '/wiki/Organism', '/wiki/Life', '/wiki/Matter', '/wiki/Classical_physics', '/wiki/Physics', '/wiki/Scientific', '/wiki/Scientific_method', '/wiki/Empirical_evidence', '/wiki/Evidence', '/wiki/Proposition', '/wiki/Philosophy_of_language', '/wiki/Philosophy']"
69,/wiki/GraphQL,"['/wiki/GraphQL', '/wiki/Query_language', '/wiki/Computer_language', '/wiki/Formal_language', '/wiki/Logic', '/wiki/Logical_reasoning', '/wiki/Mind', '/wiki/Thought', '/wiki/Cognition', '/wiki/Action_(philosophy)', '/wiki/Philosophy']"
70,/wiki/RESTful_API,"['/wiki/RESTful_API', '/wiki/Software_architectural_style', '/wiki/Software_system', '/wiki/System', '/wiki/Open_system_(systems_theory)', '/wiki/Isolated_system', '/wiki/Outline_of_physical_science', '/wiki/Natural_science', '/wiki/Branches_of_science', '/wiki/Science', '/wiki/Scientific_method', '/wiki/Empirical_evidence', '/wiki/Evidence', '/wiki/Proposition', '/wiki/Philosophy_of_language', '/wiki/Philosophy']"
71,/wiki/Web_scraping,"['/wiki/Web_scraping', '/wiki/Data_scraping', '/wiki/Computer_program', '/wiki/Sequence', '/wiki/Mathematics', '/wiki/Mathematical_theory', '/wiki/Logical_reasoning', '/wiki/Mind', '/wiki/Thought', '/wiki/Cognition', '/wiki/Action_(philosophy)', '/wiki/Philosophy']"
72,/wiki/Selenium_(software),"['/wiki/Selenium_(software)', '/wiki/Open_source', '/wiki/Source_code', '/wiki/Computing', '/wiki/Computer', '/wiki/Machine', '/wiki/Power_(physics)', '/wiki/Energy', '/wiki/Physical_quantity', '/wiki/Quantification_(science)', '/wiki/Mathematics', '/wiki/Mathematical_theory', '/wiki/Logical_reasoning', '/wiki/Mind', '/wiki/Thought', '/wiki/Cognition', '/wiki/Action_(philosophy)', '/wiki/Philosophy']"
73,/wiki/Beautiful_Soup_(HTML_parser),"['/wiki/Beautiful_Soup_(HTML_parser)', '/wiki/Python_(programming_language)', '/wiki/High-level_programming_language', '/wiki/Programming_language', '/wiki/Computer_program', '/wiki/Sequence', '/wiki/Mathematics', '/wiki/Mathematical_theory', '/wiki/Logical_reasoning', '/wiki/Mind', '/wiki/Thought', '/wiki/Cognition', '/wiki/Action_(philosophy)', '/wiki/Philosophy']"
74,/wiki/Scrapy,"['/wiki/Scrapy', '/wiki/Free_and_open-source', '/wiki/Software', '/wiki/Computer_program', '/wiki/Sequence', '/wiki/Mathematics', '/wiki/Mathematical_theory', '/wiki/Logical_reasoning', '/wiki/Mind', '/wiki/Thought', '/wiki/Cognition', '/wiki/Action_(philosophy)', '/wiki/Philosophy']"
75,/wiki/Data_mining,"['/wiki/Data_mining', '/wiki/Data_set', '/wiki/Data', '/wiki/Value_(semiotics)', '/wiki/Semiotics', '/wiki/Semiosis', '/wiki/Action_(philosophy)', '/wiki/Philosophy']"
76,/wiki/BigQuery,"['/wiki/BigQuery', '/wiki/Serverless', '/wiki/International_Organization_for_Standardization', '/wiki/Non-governmental_organization', '/wiki/Nonprofit_organization', '/wiki/Profit_(accounting)', '/wiki/Accounting', '/wiki/Economic_entity', '/wiki/Generally_accepted_accounting_principles', '/wiki/Cash_method_of_accounting', '/wiki/Basis_of_accounting', '/wiki/Accounting']"
77,/wiki/Spark_(software),"['/wiki/Spark_(software)', None]"
78,/wiki/Hadoop,"['/wiki/Hadoop', '/wiki/Open-source_software', '/wiki/Software', '/wiki/Computer_program', '/wiki/Sequence', '/wiki/Mathematics', '/wiki/Mathematical_theory', '/wiki/Logical_reasoning', '/wiki/Mind', '/wiki/Thought', '/wiki/Cognition', '/wiki/Action_(philosophy)', '/wiki/Philosophy']"
79,/wiki/Elasticsearch,"['/wiki/Elasticsearch', '/wiki/Search_engine_(computing)', '/wiki/Computing', '/wiki/Computer', '/wiki/Machine', '/wiki/Power_(physics)', '/wiki/Energy', '/wiki/Physical_quantity', '/wiki/Quantification_(science)', '/wiki/Mathematics', '/wiki/Mathematical_theory', '/wiki/Logical_reasoning', '/wiki/Mind', '/wiki/Thought', '/wiki/Cognition', '/wiki/Action_(philosophy)', '/wiki/Philosophy']"
80,/wiki/Kibana,"['/wiki/Kibana', '/wiki/Source-available_software', '/wiki/Software', '/wiki/Computer_program', '/wiki/Sequence', '/wiki/Mathematics', '/wiki/Mathematical_theory', '/wiki/Logical_reasoning', '/wiki/Mind', '/wiki/Thought', '/wiki/Cognition', '/wiki/Action_(philosophy)', '/wiki/Philosophy']"
81,/wiki/Logstash,"['/wiki/Logstash', '/wiki/Search_engine_(computing)', '/wiki/Computing', '/wiki/Computer', '/wiki/Machine', '/wiki/Power_(physics)', '/wiki/Energy', '/wiki/Physical_quantity', '/wiki/Quantification_(science)', '/wiki/Mathematics', '/wiki/Mathematical_theory', '/wiki/Logical_reasoning', '/wiki/Mind', '/wiki/Thought', '/wiki/Cognition', '/wiki/Action_(philosophy)', '/wiki/Philosophy']"
82,/wiki/Git,"['/wiki/Git', '/wiki/Distributed_version_control', '/wiki/Software_development', '/wiki/Designing', '/wiki/Process', '/wiki/Action_(philosophy)', '/wiki/Philosophy']"
83,/wiki/GitHub,"['/wiki/GitHub', '/wiki/Proprietary_software', '/wiki/Computer_software', '/wiki/Computer_program', '/wiki/Sequence', '/wiki/Mathematics', '/wiki/Mathematical_theory', '/wiki/Logical_reasoning', '/wiki/Mind', '/wiki/Thought', '/wiki/Cognition', '/wiki/Action_(philosophy)', '/wiki/Philosophy']"
84,/wiki/GitLab,"['/wiki/GitLab', '/wiki/Open-core_model', '/wiki/Business_model', '/wiki/Company', '/wiki/Legal_personality', '/wiki/Social_contract', '/wiki/Moral_philosophy', '/wiki/Philosophy']"
85,/wiki/Bitbucket,"['/wiki/Bitbucket', '/wiki/Git_(software)', '/wiki/Distributed_version_control', '/wiki/Software_development', '/wiki/Designing', '/wiki/Process', '/wiki/Action_(philosophy)', '/wiki/Philosophy']"
86,/wiki/Cybersecurity,"['/wiki/Cybersecurity', '/wiki/Computer_software', '/wiki/Computer_program', '/wiki/Sequence', '/wiki/Mathematics', '/wiki/Mathematical_theory', '/wiki/Logical_reasoning', '/wiki/Mind', '/wiki/Thought', '/wiki/Cognition', '/wiki/Action_(philosophy)', '/wiki/Philosophy']"
87,/wiki/Ethical_hacking,"['/wiki/Ethical_hacking', '/wiki/Security_hacker', '/wiki/Exploit_(computer_security)', '/wiki/Vulnerability_(computer_security)', '/wiki/Software_development', '/wiki/Designing', '/wiki/Process', '/wiki/Action_(philosophy)', '/wiki/Philosophy']"
88,/wiki/Penetration_testing,"['/wiki/Penetration_testing', '/wiki/Cyberattack', '/wiki/CIA_triad', '/wiki/Information', '/wiki/Abstraction', '/wiki/Rule_of_inference', '/wiki/Philosophy_of_logic', '/wiki/Philosophy']"
89,/wiki/Social_engineering_(security),"['/wiki/Social_engineering_(security)', '/wiki/Information_security', '/wiki/Information', '/wiki/Abstraction', '/wiki/Rule_of_inference', '/wiki/Philosophy_of_logic', '/wiki/Philosophy']"
90,/wiki/Encryption,"['/wiki/Encryption', '/wiki/Cryptography_law', '/wiki/Cryptography', '/wiki/Secure_communication', '/wiki/Eavesdropping', '/wiki/Eave', '/wiki/Roof', '/wiki/Building', '/wiki/Structure#Load-bearing', '/wiki/System', '/wiki/Open_system_(systems_theory)', '/wiki/Isolated_system', '/wiki/Outline_of_physical_science', '/wiki/Natural_science', '/wiki/Branches_of_science', '/wiki/Science', '/wiki/Scientific_method', '/wiki/Empirical_evidence', '/wiki/Evidence', '/wiki/Proposition', '/wiki/Philosophy_of_language', '/wiki/Philosophy']"
91,/wiki/Public-key_cryptography,"['/wiki/Public-key_cryptography', '/wiki/Cryptographic', '/wiki/Secure_communication', '/wiki/Eavesdropping', '/wiki/Eave', '/wiki/Roof', '/wiki/Building', '/wiki/Structure#Load-bearing', '/wiki/System', '/wiki/Open_system_(systems_theory)', '/wiki/Isolated_system', '/wiki/Outline_of_physical_science', '/wiki/Natural_science', '/wiki/Branches_of_science', '/wiki/Science', '/wiki/Scientific_method', '/wiki/Empirical_evidence', '/wiki/Evidence', '/wiki/Proposition', '/wiki/Philosophy_of_language', '/wiki/Philosophy']"
92,/wiki/Symmetric-key_algorithm,"['/wiki/Symmetric-key_algorithm', '/wiki/Algorithm', '/wiki/Mathematics', '/wiki/Mathematical_theory', '/wiki/Logical_reasoning', '/wiki/Mind', '/wiki/Thought', '/wiki/Cognition', '/wiki/Action_(philosophy)', '/wiki/Philosophy']"
93,/wiki/Hash_function,"['/wiki/Hash_function', '/wiki/Function_(mathematics)', '/wiki/Mathematics', '/wiki/Mathematical_theory', '/wiki/Logical_reasoning', '/wiki/Mind', '/wiki/Thought', '/wiki/Cognition', '/wiki/Action_(philosophy)', '/wiki/Philosophy']"
94,/wiki/Artificial_neural_network,"['/wiki/Artificial_neural_network', '/wiki/Machine_learning', '/wiki/Field_of_study', '/wiki/Knowledge', '/wiki/Declarative_knowledge', '/wiki/Awareness', '/wiki/Philosophy']"
95,/wiki/Recurrent_neural_network,"['/wiki/Recurrent_neural_network', '/wiki/Time_series', '/wiki/Mathematics', '/wiki/Mathematical_theory', '/wiki/Logical_reasoning', '/wiki/Mind', '/wiki/Thought', '/wiki/Cognition', '/wiki/Action_(philosophy)', '/wiki/Philosophy']"
96,/wiki/Convolutional_neural_network,"['/wiki/Convolutional_neural_network', '/wiki/Regularization_(mathematics)', '/wiki/Mathematics', '/wiki/Mathematical_theory', '/wiki/Logical_reasoning', '/wiki/Mind', '/wiki/Thought', '/wiki/Cognition', '/wiki/Action_(philosophy)', '/wiki/Philosophy']"
97,/wiki/Generative_adversarial_network,"['/wiki/Generative_adversarial_network', '/wiki/Machine_learning', '/wiki/Field_of_study', '/wiki/Knowledge', '/wiki/Declarative_knowledge', '/wiki/Awareness', '/wiki/Philosophy']"
98,/wiki/Transformer_(machine_learning_model),"['/wiki/Transformer_(machine_learning_model)', '/wiki/Deep_learning', '/wiki/Machine_learning', '/wiki/Field_of_study', '/wiki/Knowledge', '/wiki/Declarative_knowledge', '/wiki/Awareness', '/wiki/Philosophy']"
99,/wiki/BERT_(language_model),"['/wiki/BERT_(language_model)', '/wiki/Language_model', '/wiki/Model#Conceptual_model', '/wiki/Plan_(drawing)', '/wiki/Technical_drawing', '/wiki/Visual_communication', '/wiki/Signage', '/wiki/Symbol', '/wiki/Sign_(semiotics)', '/wiki/Semiotics', '/wiki/Semiosis', '/wiki/Action_(philosophy)', '/wiki/Philosophy']"
100,/wiki/GPT-3,"['/wiki/GPT-3', '/wiki/Large_language_model', '/wiki/Machine_learning', '/wiki/Field_of_study', '/wiki/Knowledge', '/wiki/Declarative_knowledge', '/wiki/Awareness', '/wiki/Philosophy']"
101,/wiki/OpenAI,"['/wiki/OpenAI', '/wiki/Artificial_intelligence', '/wiki/Intelligence', '/wiki/Abstraction', '/wiki/Rule_of_inference', '/wiki/Philosophy_of_logic', '/wiki/Philosophy']"
102,/wiki/TensorFlow,"['/wiki/TensorFlow', '/wiki/Library_(computing)', '/wiki/Computing', '/wiki/Computer', '/wiki/Machine', '/wiki/Power_(physics)', '/wiki/Energy', '/wiki/Physical_quantity', '/wiki/Quantification_(science)', '/wiki/Mathematics', '/wiki/Mathematical_theory', '/wiki/Logical_reasoning', '/wiki/Mind', '/wiki/Thought', '/wiki/Cognition', '/wiki/Action_(philosophy)', '/wiki/Philosophy']"
103,/wiki/PyTorch,"['/wiki/PyTorch', '/wiki/Machine_learning', '/wiki/Field_of_study', '/wiki/Knowledge', '/wiki/Declarative_knowledge', '/wiki/Awareness', '/wiki/Philosophy']"
104,/wiki/Keras,"['/wiki/Keras', '/wiki/Open-source_software', '/wiki/Software', '/wiki/Computer_program', '/wiki/Sequence', '/wiki/Mathematics', '/wiki/Mathematical_theory', '/wiki/Logical_reasoning', '/wiki/Mind', '/wiki/Thought', '/wiki/Cognition', '/wiki/Action_(philosophy)', '/wiki/Philosophy']"
105,/wiki/Scikit-learn,"['/wiki/Scikit-learn', '/wiki/Free_and_open-source', '/wiki/Software', '/wiki/Computer_program', '/wiki/Sequence', '/wiki/Mathematics', '/wiki/Mathematical_theory', '/wiki/Logical_reasoning', '/wiki/Mind', '/wiki/Thought', '/wiki/Cognition', '/wiki/Action_(philosophy)', '/wiki/Philosophy']"
106,/wiki/Pandas_(software),"['/wiki/Pandas_(software)', '/wiki/Software_library', '/wiki/Computing', '/wiki/Computer', '/wiki/Machine', '/wiki/Power_(physics)', '/wiki/Energy', '/wiki/Physical_quantity', '/wiki/Quantification_(science)', '/wiki/Mathematics', '/wiki/Mathematical_theory', '/wiki/Logical_reasoning', '/wiki/Mind', '/wiki/Thought', '/wiki/Cognition', '/wiki/Action_(philosophy)', '/wiki/Philosophy']"
107,/wiki/NumPy,"['/wiki/NumPy', '/wiki/Library_(computing)', '/wiki/Computing', '/wiki/Computer', '/wiki/Machine', '/wiki/Power_(physics)', '/wiki/Energy', '/wiki/Physical_quantity', '/wiki/Quantification_(science)', '/wiki/Mathematics', '/wiki/Mathematical_theory', '/wiki/Logical_reasoning', '/wiki/Mind', '/wiki/Thought', '/wiki/Cognition', '/wiki/Action_(philosophy)', '/wiki/Philosophy']"
108,/wiki/Matplotlib,"['/wiki/Matplotlib', '/wiki/Plotter', '/wiki/Vector_graphics', '/wiki/Computer_graphics', '/wiki/Image', '/wiki/Two-dimensional_space', '/wiki/Mathematical_space', '/wiki/Mathematics', '/wiki/Mathematical_theory', '/wiki/Logical_reasoning', '/wiki/Mind', '/wiki/Thought', '/wiki/Cognition', '/wiki/Action_(philosophy)', '/wiki/Philosophy']"
109,/wiki/Seaborn_(software),"['/wiki/Seaborn_(software)', None]"
110,/wiki/Plotly,"['/wiki/Plotly', '/wiki/Montreal', '/wiki/List_of_towns_in_Quebec', '/wiki/Classification_of_municipalities_in_Quebec', '/wiki/Local_government_in_Quebec', '/wiki/Regional_county_municipality', '/wiki/Quebec', '/wiki/Provinces_and_territories_of_Canada', '/wiki/Canada', '/wiki/North_America', '/wiki/Continent', '/wiki/Convention_(norm)', '/wiki/Social_norm', '/wiki/Acceptance', '/wiki/Psychology', '/wiki/Mind', '/wiki/Thought', '/wiki/Cognition', '/wiki/Action_(philosophy)', '/wiki/Philosophy']"
111,/wiki/LLM_(language_model),"['/wiki/LLM_(language_model)', None]"
112,/wiki/AutoML,"['/wiki/AutoML', '/wiki/Automation', '/wiki/Mechanical_system', '/wiki/Power_(physics)', '/wiki/Energy', '/wiki/Physical_quantity', '/wiki/Quantification_(science)', '/wiki/Mathematics', '/wiki/Mathematical_theory', '/wiki/Logical_reasoning', '/wiki/Mind', '/wiki/Thought', '/wiki/Cognition', '/wiki/Action_(philosophy)', '/wiki/Philosophy']"
113,/wiki/Federated_learning,"['/wiki/Federated_learning', '/wiki/Machine_learning', '/wiki/Field_of_study', '/wiki/Knowledge', '/wiki/Declarative_knowledge', '/wiki/Awareness', '/wiki/Philosophy']"
114,/wiki/Edge_AI,"['/wiki/Edge_AI', '/wiki/Latency_(engineering)', '/wiki/Causality', '/wiki/Event_(philosophy)', '/wiki/Philosophy']"
115,/wiki/Reinforcement_learning,"['/wiki/Reinforcement_learning', '/wiki/Machine_learning', '/wiki/Field_of_study', '/wiki/Knowledge', '/wiki/Declarative_knowledge', '/wiki/Awareness', '/wiki/Philosophy']"
116,/wiki/Q-learning,"['/wiki/Q-learning', '/wiki/Model-free_(reinforcement_learning)', '/wiki/Reinforcement_learning', '/wiki/Machine_learning', '/wiki/Field_of_study', '/wiki/Knowledge', '/wiki/Declarative_knowledge', '/wiki/Awareness', '/wiki/Philosophy']"
117,/wiki/Markov_decision_process,"['/wiki/Markov_decision_process', '/wiki/Stochastic_dynamic_programming', '/wiki/Richard_E._Bellman', '/wiki/Applied_mathematics', '/wiki/Mathematics', '/wiki/Mathematical_theory', '/wiki/Logical_reasoning', '/wiki/Mind', '/wiki/Thought', '/wiki/Cognition', '/wiki/Action_(philosophy)', '/wiki/Philosophy']"
118,/wiki/Monte_Carlo_method,"['/wiki/Monte_Carlo_method', '/wiki/Computation', '/wiki/Arithmetic', '/wiki/Mathematics', '/wiki/Mathematical_theory', '/wiki/Logical_reasoning', '/wiki/Mind', '/wiki/Thought', '/wiki/Cognition', '/wiki/Action_(philosophy)', '/wiki/Philosophy']"
119,/wiki/A_star_search_algorithm,"['/wiki/A_star_search_algorithm', '/wiki/Graph_traversal', '/wiki/Computer_science', '/wiki/Computation', '/wiki/Arithmetic', '/wiki/Mathematics', '/wiki/Mathematical_theory', '/wiki/Logical_reasoning', '/wiki/Mind', '/wiki/Thought', '/wiki/Cognition', '/wiki/Action_(philosophy)', '/wiki/Philosophy']"
120,/wiki/Minimax,"['/wiki/Minimax', '/wiki/Artificial_intelligence', '/wiki/Intelligence', '/wiki/Abstraction', '/wiki/Rule_of_inference', '/wiki/Philosophy_of_logic', '/wiki/Philosophy']"
121,/wiki/AlphaGo,"['/wiki/AlphaGo', '/wiki/Computer_program', '/wiki/Sequence', '/wiki/Mathematics', '/wiki/Mathematical_theory', '/wiki/Logical_reasoning', '/wiki/Mind', '/wiki/Thought', '/wiki/Cognition', '/wiki/Action_(philosophy)', '/wiki/Philosophy']"
122,/wiki/AlphaZero,"['/wiki/AlphaZero', '/wiki/Computer_program', '/wiki/Sequence', '/wiki/Mathematics', '/wiki/Mathematical_theory', '/wiki/Logical_reasoning', '/wiki/Mind', '/wiki/Thought', '/wiki/Cognition', '/wiki/Action_(philosophy)', '/wiki/Philosophy']"
123,/wiki/Chess_engine,"['/wiki/Chess_engine', '/wiki/Computer_chess', '/wiki/Software', '/wiki/Computer_program', '/wiki/Sequence', '/wiki/Mathematics', '/wiki/Mathematical_theory', '/wiki/Logical_reasoning', '/wiki/Mind', '/wiki/Thought', '/wiki/Cognition', '/wiki/Action_(philosophy)', '/wiki/Philosophy']"
124,/wiki/Stockfish_(chess),"['/wiki/Stockfish_(chess)', '/wiki/Free_and_open-source', '/wiki/Software', '/wiki/Computer_program', '/wiki/Sequence', '/wiki/Mathematics', '/wiki/Mathematical_theory', '/wiki/Logical_reasoning', '/wiki/Mind', '/wiki/Thought', '/wiki/Cognition', '/wiki/Action_(philosophy)', '/wiki/Philosophy']"
125,/wiki/Leela_Chess_Zero,"['/wiki/Leela_Chess_Zero', '/wiki/Free_and_open-source_software', '/wiki/Software', '/wiki/Computer_program', '/wiki/Sequence', '/wiki/Mathematics', '/wiki/Mathematical_theory', '/wiki/Logical_reasoning', '/wiki/Mind', '/wiki/Thought', '/wiki/Cognition', '/wiki/Action_(philosophy)', '/wiki/Philosophy']"
126,/wiki/Computer_science,"['/wiki/Computer_science', '/wiki/Computation', '/wiki/Arithmetic', '/wiki/Mathematics', '/wiki/Mathematical_theory', '/wiki/Logical_reasoning', '/wiki/Mind', '/wiki/Thought', '/wiki/Cognition', '/wiki/Action_(philosophy)', '/wiki/Philosophy']"
127,/wiki/Discrete_mathematics,"['/wiki/Discrete_mathematics', '/wiki/Mathematical_structures', '/wiki/Mathematics', '/wiki/Mathematical_theory', '/wiki/Logical_reasoning', '/wiki/Mind', '/wiki/Thought', '/wiki/Cognition', '/wiki/Action_(philosophy)', '/wiki/Philosophy']"
128,/wiki/Graph_theory,"['/wiki/Graph_theory', '/wiki/Mathematics', '/wiki/Mathematical_theory', '/wiki/Logical_reasoning', '/wiki/Mind', '/wiki/Thought', '/wiki/Cognition', '/wiki/Action_(philosophy)', '/wiki/Philosophy']"
129,/wiki/Boolean_algebra,"['/wiki/Boolean_algebra', '/wiki/Mathematics', '/wiki/Mathematical_theory', '/wiki/Logical_reasoning', '/wiki/Mind', '/wiki/Thought', '/wiki/Cognition', '/wiki/Action_(philosophy)', '/wiki/Philosophy']"
130,/wiki/Complexity_theory,"['/wiki/Complexity_theory', '/wiki/Computational_complexity_theory', '/wiki/Theoretical_computer_science', '/wiki/Computer_science', '/wiki/Computation', '/wiki/Arithmetic', '/wiki/Mathematics', '/wiki/Mathematical_theory', '/wiki/Logical_reasoning', '/wiki/Mind', '/wiki/Thought', '/wiki/Cognition', '/wiki/Action_(philosophy)', '/wiki/Philosophy']"
131,/wiki/Turing_machine,"['/wiki/Turing_machine', '/wiki/Mathematical_model_of_computation', '/wiki/Computer_science', '/wiki/Computation', '/wiki/Arithmetic', '/wiki/Mathematics', '/wiki/Mathematical_theory', '/wiki/Logical_reasoning', '/wiki/Mind', '/wiki/Thought', '/wiki/Cognition', '/wiki/Action_(philosophy)', '/wiki/Philosophy']"
132,/wiki/Computational_complexity_theory,"['/wiki/Computational_complexity_theory', '/wiki/Theoretical_computer_science', '/wiki/Computer_science', '/wiki/Computation', '/wiki/Arithmetic', '/wiki/Mathematics', '/wiki/Mathematical_theory', '/wiki/Logical_reasoning', '/wiki/Mind', '/wiki/Thought', '/wiki/Cognition', '/wiki/Action_(philosophy)', '/wiki/Philosophy']"
133,/wiki/P_versus_NP_problem,"['/wiki/P_versus_NP_problem', '/wiki/List_of_unsolved_problems_in_computer_science', '/wiki/Lists_of_unsolved_problems', '/wiki/List_of_conjectures', '/wiki/Conjecture', '/wiki/Mathematics', '/wiki/Mathematical_theory', '/wiki/Logical_reasoning', '/wiki/Mind', '/wiki/Thought', '/wiki/Cognition', '/wiki/Action_(philosophy)', '/wiki/Philosophy']"
134,/wiki/Halting_problem,"['/wiki/Halting_problem', '/wiki/Computability_theory_(computer_science)', '/wiki/Mathematical_logic', '/wiki/Logic#Formal_logic', '/wiki/Logical_reasoning', '/wiki/Mind', '/wiki/Thought', '/wiki/Cognition', '/wiki/Action_(philosophy)', '/wiki/Philosophy']"
135,/wiki/Quantum_algorithm,"['/wiki/Quantum_algorithm', '/wiki/Quantum_computing', '/wiki/Computer', '/wiki/Machine', '/wiki/Power_(physics)', '/wiki/Energy', '/wiki/Physical_quantity', '/wiki/Quantification_(science)', '/wiki/Mathematics', '/wiki/Mathematical_theory', '/wiki/Logical_reasoning', '/wiki/Mind', '/wiki/Thought', '/wiki/Cognition', '/wiki/Action_(philosophy)', '/wiki/Philosophy']"
136,/wiki/Shor%27s_algorithm,"['/wiki/Shor%27s_algorithm', '/wiki/Quantum_algorithm', '/wiki/Quantum_computing', '/wiki/Computer', '/wiki/Machine', '/wiki/Power_(physics)', '/wiki/Energy', '/wiki/Physical_quantity', '/wiki/Quantification_(science)', '/wiki/Mathematics', '/wiki/Mathematical_theory', '/wiki/Logical_reasoning', '/wiki/Mind', '/wiki/Thought', '/wiki/Cognition', '/wiki/Action_(philosophy)', '/wiki/Philosophy']"
137,/wiki/Grover%27s_algorithm,"['/wiki/Grover%27s_algorithm', '/wiki/Quantum_computing', '/wiki/Computer', '/wiki/Machine', '/wiki/Power_(physics)', '/wiki/Energy', '/wiki/Physical_quantity', '/wiki/Quantification_(science)', '/wiki/Mathematics', '/wiki/Mathematical_theory', '/wiki/Logical_reasoning', '/wiki/Mind', '/wiki/Thought', '/wiki/Cognition', '/wiki/Action_(philosophy)', '/wiki/Philosophy']"
138,/wiki/Quantum_error_correction,"['/wiki/Quantum_error_correction', '/wiki/Quantum_computer', '/wiki/Computer', '/wiki/Machine', '/wiki/Power_(physics)', '/wiki/Energy', '/wiki/Physical_quantity', '/wiki/Quantification_(science)', '/wiki/Mathematics', '/wiki/Mathematical_theory', '/wiki/Logical_reasoning', '/wiki/Mind', '/wiki/Thought', '/wiki/Cognition', '/wiki/Action_(philosophy)', '/wiki/Philosophy']"
139,/wiki/Quantum_supremacy,"['/wiki/Quantum_supremacy', '/wiki/Quantum_computing', '/wiki/Computer', '/wiki/Machine', '/wiki/Power_(physics)', '/wiki/Energy', '/wiki/Physical_quantity', '/wiki/Quantification_(science)', '/wiki/Mathematics', '/wiki/Mathematical_theory', '/wiki/Logical_reasoning', '/wiki/Mind', '/wiki/Thought', '/wiki/Cognition', '/wiki/Action_(philosophy)', '/wiki/Philosophy']"
140,/wiki/Quantum_entanglement,"['/wiki/Quantum_entanglement', '/wiki/Particle', '/wiki/Outline_of_physical_science', '/wiki/Natural_science', '/wiki/Branches_of_science', '/wiki/Science', '/wiki/Scientific_method', '/wiki/Empirical_evidence', '/wiki/Evidence', '/wiki/Proposition', '/wiki/Philosophy_of_language', '/wiki/Philosophy']"
141,/wiki/Quantum_cryptography,"['/wiki/Quantum_cryptography', '/wiki/Quantum_mechanics', '/wiki/Scientific_theory', '/wiki/Universe', '/wiki/Space', '/wiki/Three-dimensional_space', '/wiki/Geometry', '/wiki/Mathematics', '/wiki/Mathematical_theory', '/wiki/Logical_reasoning', '/wiki/Mind', '/wiki/Thought', '/wiki/Cognition', '/wiki/Action_(philosophy)', '/wiki/Philosophy']"
142,/wiki/Post-quantum_cryptography,"['/wiki/Post-quantum_cryptography', '/wiki/Cryptographic_primitive', '/wiki/Cryptography', '/wiki/Secure_communication', '/wiki/Eavesdropping', '/wiki/Eave', '/wiki/Roof', '/wiki/Building', '/wiki/Structure#Load-bearing', '/wiki/System', '/wiki/Open_system_(systems_theory)', '/wiki/Isolated_system', '/wiki/Outline_of_physical_science', '/wiki/Natural_science', '/wiki/Branches_of_science', '/wiki/Science', '/wiki/Scientific_method', '/wiki/Empirical_evidence', '/wiki/Evidence', '/wiki/Proposition', '/wiki/Philosophy_of_language', '/wiki/Philosophy']"
143,/wiki/Information_theory,"['/wiki/Information_theory', '/wiki/Quantification_(science)', '/wiki/Mathematics', '/wiki/Mathematical_theory', '/wiki/Logical_reasoning', '/wiki/Mind', '/wiki/Thought', '/wiki/Cognition', '/wiki/Action_(philosophy)', '/wiki/Philosophy']"
144,/wiki/Shannon_entropy,"['/wiki/Shannon_entropy', '/wiki/Information_theory', '/wiki/Quantification_(science)', '/wiki/Mathematics', '/wiki/Mathematical_theory', '/wiki/Logical_reasoning', '/wiki/Mind', '/wiki/Thought', '/wiki/Cognition', '/wiki/Action_(philosophy)', '/wiki/Philosophy']"
145,/wiki/Kolmogorov_complexity,"['/wiki/Kolmogorov_complexity', '/wiki/Algorithmic_information_theory', '/wiki/Theoretical_computer_science', '/wiki/Computer_science', '/wiki/Computation', '/wiki/Arithmetic', '/wiki/Mathematics', '/wiki/Mathematical_theory', '/wiki/Logical_reasoning', '/wiki/Mind', '/wiki/Thought', '/wiki/Cognition', '/wiki/Action_(philosophy)', '/wiki/Philosophy']"
146,/wiki/Chaos_theory,"['/wiki/Chaos_theory', '/wiki/Interdisciplinary', '/wiki/Academic_discipline', '/wiki/Knowledge', '/wiki/Declarative_knowledge', '/wiki/Awareness', '/wiki/Philosophy']"
147,/wiki/Fractal,"['/wiki/Fractal', '/wiki/Mathematics', '/wiki/Mathematical_theory', '/wiki/Logical_reasoning', '/wiki/Mind', '/wiki/Thought', '/wiki/Cognition', '/wiki/Action_(philosophy)', '/wiki/Philosophy']"
148,/wiki/Mandelbrot_set,"['/wiki/Mandelbrot_set', '/wiki/Set_(mathematics)', '/wiki/Mathematics', '/wiki/Mathematical_theory', '/wiki/Logical_reasoning', '/wiki/Mind', '/wiki/Thought', '/wiki/Cognition', '/wiki/Action_(philosophy)', '/wiki/Philosophy']"
149,/wiki/Lorenz_system,"['/wiki/Lorenz_system', '/wiki/Ordinary_differential_equation', '/wiki/Mathematics', '/wiki/Mathematical_theory', '/wiki/Logical_reasoning', '/wiki/Mind', '/wiki/Thought', '/wiki/Cognition', '/wiki/Action_(philosophy)', '/wiki/Philosophy']"
150,/wiki/Cellular_automaton,"['/wiki/Cellular_automaton', '/wiki/Model_of_computation', '/wiki/Computer_science', '/wiki/Computation', '/wiki/Arithmetic', '/wiki/Mathematics', '/wiki/Mathematical_theory', '/wiki/Logical_reasoning', '/wiki/Mind', '/wiki/Thought', '/wiki/Cognition', '/wiki/Action_(philosophy)', '/wiki/Philosophy']"
151,/wiki/Game_of_Life,"['/wiki/Game_of_Life', '/wiki/Conway%27s_Game_of_Life', '/wiki/Cellular_automaton', '/wiki/Model_of_computation', '/wiki/Computer_science', '/wiki/Computation', '/wiki/Arithmetic', '/wiki/Mathematics', '/wiki/Mathematical_theory', '/wiki/Logical_reasoning', '/wiki/Mind', '/wiki/Thought', '/wiki/Cognition', '/wiki/Action_(philosophy)', '/wiki/Philosophy']"
152,/wiki/Evolutionary_algorithm,"['/wiki/Evolutionary_algorithm', '/wiki/Biological_evolution', '/wiki/Heritable', '/wiki/Phenotypic_trait', '/wiki/Phenotype', '/wiki/Genetics', '/wiki/Gene', '/wiki/Biology', '/wiki/Life', '/wiki/Matter', '/wiki/Classical_physics', '/wiki/Physics', '/wiki/Scientific', '/wiki/Scientific_method', '/wiki/Empirical_evidence', '/wiki/Evidence', '/wiki/Proposition', '/wiki/Philosophy_of_language', '/wiki/Philosophy']"
153,/wiki/Genetic_algorithm,"['/wiki/Genetic_algorithm', '/wiki/Computer_science', '/wiki/Computation', '/wiki/Arithmetic', '/wiki/Mathematics', '/wiki/Mathematical_theory', '/wiki/Logical_reasoning', '/wiki/Mind', '/wiki/Thought', '/wiki/Cognition', '/wiki/Action_(philosophy)', '/wiki/Philosophy']"
154,/wiki/Swarm_intelligence,"['/wiki/Swarm_intelligence', '/wiki/Collective_behavior', '/wiki/Franklin_Henry_Giddings', '/wiki/Sociologist', '/wiki/Human', '/wiki/Species', '/wiki/Organism', '/wiki/Life', '/wiki/Matter', '/wiki/Classical_physics', '/wiki/Physics', '/wiki/Scientific', '/wiki/Scientific_method', '/wiki/Empirical_evidence', '/wiki/Evidence', '/wiki/Proposition', '/wiki/Philosophy_of_language', '/wiki/Philosophy']"
155,/wiki/Particle_swarm_optimization,"['/wiki/Particle_swarm_optimization', '/wiki/Computational_science', '/wiki/Computer_science', '/wiki/Computation', '/wiki/Arithmetic', '/wiki/Mathematics', '/wiki/Mathematical_theory', '/wiki/Logical_reasoning', '/wiki/Mind', '/wiki/Thought', '/wiki/Cognition', '/wiki/Action_(philosophy)', '/wiki/Philosophy']"
156,/wiki/Ant_colony_optimization,"['/wiki/Ant_colony_optimization', '/wiki/Computer_science', '/wiki/Computation', '/wiki/Arithmetic', '/wiki/Mathematics', '/wiki/Mathematical_theory', '/wiki/Logical_reasoning', '/wiki/Mind', '/wiki/Thought', '/wiki/Cognition', '/wiki/Action_(philosophy)', '/wiki/Philosophy']"
157,/wiki/Neural_ODE,"['/wiki/Neural_ODE', '/wiki/Machine_learning', '/wiki/Field_of_study', '/wiki/Knowledge', '/wiki/Declarative_knowledge', '/wiki/Awareness', '/wiki/Philosophy']"
158,/wiki/Meta-learning,"['/wiki/Meta-learning', '/wiki/Metacognition', '/wiki/Understanding', '/wiki/Cognition', '/wiki/Action_(philosophy)', '/wiki/Philosophy']"
159,/wiki/Zero-shot_learning,"['/wiki/Zero-shot_learning', '/wiki/Deep_learning', '/wiki/Machine_learning', '/wiki/Field_of_study', '/wiki/Knowledge', '/wiki/Declarative_knowledge', '/wiki/Awareness', '/wiki/Philosophy']"
160,/wiki/Few-shot_learning,"['/wiki/Few-shot_learning', '/wiki/Prompt_engineering', '/wiki/Generative_artificial_intelligence', '/wiki/Artificial_intelligence', '/wiki/Intelligence', '/wiki/Abstraction', '/wiki/Rule_of_inference', '/wiki/Philosophy_of_logic', '/wiki/Philosophy']"
161,/wiki/Civilization_VI,"['/wiki/Civilization_VI', '/wiki/4X', '/wiki/Video_game_genre', '/wiki/Video_game', '/wiki/Electronic_game', '/wiki/Game', '/wiki/Play_(activity)', '/wiki/Motivation#Intrinsic_and_extrinsic', '/wiki/Mental_state', '/wiki/Mind', '/wiki/Thought', '/wiki/Cognition', '/wiki/Action_(philosophy)', '/wiki/Philosophy']"
162,/wiki/Assembly_language,"['/wiki/Assembly_language', '/wiki/Computer_programming', '/wiki/Computer_program', '/wiki/Sequence', '/wiki/Mathematics', '/wiki/Mathematical_theory', '/wiki/Logical_reasoning', '/wiki/Mind', '/wiki/Thought', '/wiki/Cognition', '/wiki/Action_(philosophy)', '/wiki/Philosophy']"
163,/wiki/Compiler,"['/wiki/Compiler', '/wiki/Computing', '/wiki/Computer', '/wiki/Machine', '/wiki/Power_(physics)', '/wiki/Energy', '/wiki/Physical_quantity', '/wiki/Quantification_(science)', '/wiki/Mathematics', '/wiki/Mathematical_theory', '/wiki/Logical_reasoning', '/wiki/Mind', '/wiki/Thought', '/wiki/Cognition', '/wiki/Action_(philosophy)', '/wiki/Philosophy']"
164,/wiki/Interpreter_(computing),"['/wiki/Interpreter_(computing)', '/wiki/Computer_science', '/wiki/Computation', '/wiki/Arithmetic', '/wiki/Mathematics', '/wiki/Mathematical_theory', '/wiki/Logical_reasoning', '/wiki/Mind', '/wiki/Thought', '/wiki/Cognition', '/wiki/Action_(philosophy)', '/wiki/Philosophy']"
165,/wiki/Integrated_development_environment,"['/wiki/Integrated_development_environment', '/wiki/Application_software', '/wiki/Software', '/wiki/Computer_program', '/wiki/Sequence', '/wiki/Mathematics', '/wiki/Mathematical_theory', '/wiki/Logical_reasoning', '/wiki/Mind', '/wiki/Thought', '/wiki/Cognition', '/wiki/Action_(philosophy)', '/wiki/Philosophy']"
166,/wiki/Version_control,"['/wiki/Version_control', '/wiki/Software_engineering', '/wiki/Computer_science', '/wiki/Computation', '/wiki/Arithmetic', '/wiki/Mathematics', '/wiki/Mathematical_theory', '/wiki/Logical_reasoning', '/wiki/Mind', '/wiki/Thought', '/wiki/Cognition', '/wiki/Action_(philosophy)', '/wiki/Philosophy']"
167,/wiki/Continuous_deployment,"['/wiki/Continuous_deployment', '/wiki/Software_development_process', '/wiki/Software_engineering', '/wiki/Computer_science', '/wiki/Computation', '/wiki/Arithmetic', '/wiki/Mathematics', '/wiki/Mathematical_theory', '/wiki/Logical_reasoning', '/wiki/Mind', '/wiki/Thought', '/wiki/Cognition', '/wiki/Action_(philosophy)', '/wiki/Philosophy']"
168,/wiki/Agile_software_development,"['/wiki/Agile_software_development', '/wiki/Software_development', '/wiki/Designing', '/wiki/Process', '/wiki/Action_(philosophy)', '/wiki/Philosophy']"
169,/wiki/Scrum_(software_development),"['/wiki/Scrum_(software_development)', '/wiki/Agile_management', '/wiki/Agile_software_development', '/wiki/Software_development', '/wiki/Designing', '/wiki/Process', '/wiki/Action_(philosophy)', '/wiki/Philosophy']"
170,/wiki/Kanban_(development),"['/wiki/Kanban_(development)', '/wiki/Lean_manufacturing', '/wiki/Methods_of_production', '/wiki/Computer_Aided_Design', '/wiki/Computer', '/wiki/Machine', '/wiki/Power_(physics)', '/wiki/Energy', '/wiki/Physical_quantity', '/wiki/Quantification_(science)', '/wiki/Mathematics', '/wiki/Mathematical_theory', '/wiki/Logical_reasoning', '/wiki/Mind', '/wiki/Thought', '/wiki/Cognition', '/wiki/Action_(philosophy)', '/wiki/Philosophy']"
171,/wiki/Extreme_programming,"['/wiki/Extreme_programming', '/wiki/Software_development_methodology', '/wiki/Software_engineering', '/wiki/Computer_science', '/wiki/Computation', '/wiki/Arithmetic', '/wiki/Mathematics', '/wiki/Mathematical_theory', '/wiki/Logical_reasoning', '/wiki/Mind', '/wiki/Thought', '/wiki/Cognition', '/wiki/Action_(philosophy)', '/wiki/Philosophy']"
172,/wiki/Software_architecture,"['/wiki/Software_architecture', '/wiki/Software_system', '/wiki/System', '/wiki/Open_system_(systems_theory)', '/wiki/Isolated_system', '/wiki/Outline_of_physical_science', '/wiki/Natural_science', '/wiki/Branches_of_science', '/wiki/Science', '/wiki/Scientific_method', '/wiki/Empirical_evidence', '/wiki/Evidence', '/wiki/Proposition', '/wiki/Philosophy_of_language', '/wiki/Philosophy']"
173,/wiki/Design_pattern_(computer_science),"['/wiki/Design_pattern_(computer_science)', '/wiki/Software_engineering', '/wiki/Computer_science', '/wiki/Computation', '/wiki/Arithmetic', '/wiki/Mathematics', '/wiki/Mathematical_theory', '/wiki/Logical_reasoning', '/wiki/Mind', '/wiki/Thought', '/wiki/Cognition', '/wiki/Action_(philosophy)', '/wiki/Philosophy']"
174,/wiki/Model%E2%80%93view%E2%80%93controller,"['/wiki/Model%E2%80%93view%E2%80%93controller', '/wiki/Software_design_pattern', '/wiki/Software_engineering', '/wiki/Computer_science', '/wiki/Computation', '/wiki/Arithmetic', '/wiki/Mathematics', '/wiki/Mathematical_theory', '/wiki/Logical_reasoning', '/wiki/Mind', '/wiki/Thought', '/wiki/Cognition', '/wiki/Action_(philosophy)', '/wiki/Philosophy']"
175,/wiki/Service-oriented_architecture,"['/wiki/Service-oriented_architecture', '/wiki/Software_engineering', '/wiki/Computer_science', '/wiki/Computation', '/wiki/Arithmetic', '/wiki/Mathematics', '/wiki/Mathematical_theory', '/wiki/Logical_reasoning', '/wiki/Mind', '/wiki/Thought', '/wiki/Cognition', '/wiki/Action_(philosophy)', '/wiki/Philosophy']"
176,/wiki/Representational_state_transfer,"['/wiki/Representational_state_transfer', '/wiki/Software_architectural_style', '/wiki/Software_system', '/wiki/System', '/wiki/Open_system_(systems_theory)', '/wiki/Isolated_system', '/wiki/Outline_of_physical_science', '/wiki/Natural_science', '/wiki/Branches_of_science', '/wiki/Science', '/wiki/Scientific_method', '/wiki/Empirical_evidence', '/wiki/Evidence', '/wiki/Proposition', '/wiki/Philosophy_of_language', '/wiki/Philosophy']"
177,/wiki/Remote_procedure_call,"['/wiki/Remote_procedure_call', '/wiki/Distributed_computing', '/wiki/Computer_science', '/wiki/Computation', '/wiki/Arithmetic', '/wiki/Mathematics', '/wiki/Mathematical_theory', '/wiki/Logical_reasoning', '/wiki/Mind', '/wiki/Thought', '/wiki/Cognition', '/wiki/Action_(philosophy)', '/wiki/Philosophy']"
178,/wiki/Aspect-oriented_programming,"['/wiki/Aspect-oriented_programming', '/wiki/Computing', '/wiki/Computer', '/wiki/Machine', '/wiki/Power_(physics)', '/wiki/Energy', '/wiki/Physical_quantity', '/wiki/Quantification_(science)', '/wiki/Mathematics', '/wiki/Mathematical_theory', '/wiki/Logical_reasoning', '/wiki/Mind', '/wiki/Thought', '/wiki/Cognition', '/wiki/Action_(philosophy)', '/wiki/Philosophy']"
179,/wiki/Event-driven_programming,"['/wiki/Event-driven_programming', '/wiki/Computer_programming', '/wiki/Computer_program', '/wiki/Sequence', '/wiki/Mathematics', '/wiki/Mathematical_theory', '/wiki/Logical_reasoning', '/wiki/Mind', '/wiki/Thought', '/wiki/Cognition', '/wiki/Action_(philosophy)', '/wiki/Philosophy']"
180,/wiki/Functional_programming,"['/wiki/Functional_programming', '/wiki/Computer_science', '/wiki/Computation', '/wiki/Arithmetic', '/wiki/Mathematics', '/wiki/Mathematical_theory', '/wiki/Logical_reasoning', '/wiki/Mind', '/wiki/Thought', '/wiki/Cognition', '/wiki/Action_(philosophy)', '/wiki/Philosophy']"
181,/wiki/Logic_programming,"['/wiki/Logic_programming', '/wiki/Programming_paradigm', '/wiki/Computer_program', '/wiki/Sequence', '/wiki/Mathematics', '/wiki/Mathematical_theory', '/wiki/Logical_reasoning', '/wiki/Mind', '/wiki/Thought', '/wiki/Cognition', '/wiki/Action_(philosophy)', '/wiki/Philosophy']"
182,/wiki/Procedural_programming,"['/wiki/Procedural_programming', '/wiki/Programming_paradigm', '/wiki/Computer_program', '/wiki/Sequence', '/wiki/Mathematics', '/wiki/Mathematical_theory', '/wiki/Logical_reasoning', '/wiki/Mind', '/wiki/Thought', '/wiki/Cognition', '/wiki/Action_(philosophy)', '/wiki/Philosophy']"
183,/wiki/Object-oriented_programming,"['/wiki/Object-oriented_programming', '/wiki/Programming_paradigm', '/wiki/Computer_program', '/wiki/Sequence', '/wiki/Mathematics', '/wiki/Mathematical_theory', '/wiki/Logical_reasoning', '/wiki/Mind', '/wiki/Thought', '/wiki/Cognition', '/wiki/Action_(philosophy)', '/wiki/Philosophy']"
184,/wiki/Concurrent_computing,"['/wiki/Concurrent_computing', '/wiki/Computing', '/wiki/Computer', '/wiki/Machine', '/wiki/Power_(physics)', '/wiki/Energy', '/wiki/Physical_quantity', '/wiki/Quantification_(science)', '/wiki/Mathematics', '/wiki/Mathematical_theory', '/wiki/Logical_reasoning', '/wiki/Mind', '/wiki/Thought', '/wiki/Cognition', '/wiki/Action_(philosophy)', '/wiki/Philosophy']"
185,/wiki/Parallel_computing,"['/wiki/Parallel_computing', '/wiki/Computing', '/wiki/Computer', '/wiki/Machine', '/wiki/Power_(physics)', '/wiki/Energy', '/wiki/Physical_quantity', '/wiki/Quantification_(science)', '/wiki/Mathematics', '/wiki/Mathematical_theory', '/wiki/Logical_reasoning', '/wiki/Mind', '/wiki/Thought', '/wiki/Cognition', '/wiki/Action_(philosophy)', '/wiki/Philosophy']"
186,/wiki/Distributed_computing,"['/wiki/Distributed_computing', '/wiki/Computer_science', '/wiki/Computation', '/wiki/Arithmetic', '/wiki/Mathematics', '/wiki/Mathematical_theory', '/wiki/Logical_reasoning', '/wiki/Mind', '/wiki/Thought', '/wiki/Cognition', '/wiki/Action_(philosophy)', '/wiki/Philosophy']"
187,/wiki/Grid_computing,"['/wiki/Grid_computing', '/wiki/Computer', '/wiki/Machine', '/wiki/Power_(physics)', '/wiki/Energy', '/wiki/Physical_quantity', '/wiki/Quantification_(science)', '/wiki/Mathematics', '/wiki/Mathematical_theory', '/wiki/Logical_reasoning', '/wiki/Mind', '/wiki/Thought', '/wiki/Cognition', '/wiki/Action_(philosophy)', '/wiki/Philosophy']"
188,/wiki/Cluster_computing,"['/wiki/Cluster_computing', '/wiki/Computer', '/wiki/Machine', '/wiki/Power_(physics)', '/wiki/Energy', '/wiki/Physical_quantity', '/wiki/Quantification_(science)', '/wiki/Mathematics', '/wiki/Mathematical_theory', '/wiki/Logical_reasoning', '/wiki/Mind', '/wiki/Thought', '/wiki/Cognition', '/wiki/Action_(philosophy)', '/wiki/Philosophy']"
189,/wiki/Supercomputer,"['/wiki/Supercomputer', '/wiki/Computer', '/wiki/Machine', '/wiki/Power_(physics)', '/wiki/Energy', '/wiki/Physical_quantity', '/wiki/Quantification_(science)', '/wiki/Mathematics', '/wiki/Mathematical_theory', '/wiki/Logical_reasoning', '/wiki/Mind', '/wiki/Thought', '/wiki/Cognition', '/wiki/Action_(philosophy)', '/wiki/Philosophy']"
190,/wiki/Green_computing,"['/wiki/Green_computing', '/wiki/Environmentally_sustainable', '/wiki/Earth', '/wiki/Planet', '/wiki/Hydrostatic_equilibrium', '/wiki/Fluid_mechanics', '/wiki/Physics', '/wiki/Scientific', '/wiki/Scientific_method', '/wiki/Empirical_evidence', '/wiki/Evidence', '/wiki/Proposition', '/wiki/Philosophy_of_language', '/wiki/Philosophy']"
191,/wiki/High-performance_computing,"['/wiki/High-performance_computing', '/wiki/Supercomputer', '/wiki/Computer', '/wiki/Machine', '/wiki/Power_(physics)', '/wiki/Energy', '/wiki/Physical_quantity', '/wiki/Quantification_(science)', '/wiki/Mathematics', '/wiki/Mathematical_theory', '/wiki/Logical_reasoning', '/wiki/Mind', '/wiki/Thought', '/wiki/Cognition', '/wiki/Action_(philosophy)', '/wiki/Philosophy']"
192,/wiki/Embedded_system,"['/wiki/Embedded_system', '/wiki/Computer_system', '/wiki/Machine', '/wiki/Power_(physics)', '/wiki/Energy', '/wiki/Physical_quantity', '/wiki/Quantification_(science)', '/wiki/Mathematics', '/wiki/Mathematical_theory', '/wiki/Logical_reasoning', '/wiki/Mind', '/wiki/Thought', '/wiki/Cognition', '/wiki/Action_(philosophy)', '/wiki/Philosophy']"
193,/wiki/Real-time_computing,"['/wiki/Real-time_computing', '/wiki/Computer_science', '/wiki/Computation', '/wiki/Arithmetic', '/wiki/Mathematics', '/wiki/Mathematical_theory', '/wiki/Logical_reasoning', '/wiki/Mind', '/wiki/Thought', '/wiki/Cognition', '/wiki/Action_(philosophy)', '/wiki/Philosophy']"
194,/wiki/Ubiquitous_computing,"['/wiki/Ubiquitous_computing', '/wiki/Software_engineering', '/wiki/Computer_science', '/wiki/Computation', '/wiki/Arithmetic', '/wiki/Mathematics', '/wiki/Mathematical_theory', '/wiki/Logical_reasoning', '/wiki/Mind', '/wiki/Thought', '/wiki/Cognition', '/wiki/Action_(philosophy)', '/wiki/Philosophy']"
195,/wiki/Pervasive_computing,"['/wiki/Pervasive_computing', '/wiki/Software_engineering', '/wiki/Computer_science', '/wiki/Computation', '/wiki/Arithmetic', '/wiki/Mathematics', '/wiki/Mathematical_theory', '/wiki/Logical_reasoning', '/wiki/Mind', '/wiki/Thought', '/wiki/Cognition', '/wiki/Action_(philosophy)', '/wiki/Philosophy']"
196,/wiki/Human%E2%80%93computer_interaction,"['/wiki/Human%E2%80%93computer_interaction', '/wiki/Computing', '/wiki/Computer', '/wiki/Machine', '/wiki/Power_(physics)', '/wiki/Energy', '/wiki/Physical_quantity', '/wiki/Quantification_(science)', '/wiki/Mathematics', '/wiki/Mathematical_theory', '/wiki/Logical_reasoning', '/wiki/Mind', '/wiki/Thought', '/wiki/Cognition', '/wiki/Action_(philosophy)', '/wiki/Philosophy']"
197,/wiki/Usability,"['/wiki/Usability', '/wiki/Software_engineering', '/wiki/Computer_science', '/wiki/Computation', '/wiki/Arithmetic', '/wiki/Mathematics', '/wiki/Mathematical_theory', '/wiki/Logical_reasoning', '/wiki/Mind', '/wiki/Thought', '/wiki/Cognition', '/wiki/Action_(philosophy)', '/wiki/Philosophy']"
198,/wiki/User_experience_design,"['/wiki/User_experience_design', '/wiki/User_experience', '/wiki/Product_(business)', '/wiki/Marketing', '/wiki/Customer', '/wiki/Sales', '/wiki/Goods_and_services', '/wiki/Tangible', '/wiki/Perception', '/wiki/Sense', '/wiki/Biological_system', '/wiki/Biological_network_inference', '/wiki/Inference', '/wiki/Logical_reasoning', '/wiki/Mind', '/wiki/Thought', '/wiki/Cognition', '/wiki/Action_(philosophy)', '/wiki/Philosophy']"
199,/wiki/Information_retrieval,"['/wiki/Information_retrieval', '/wiki/Computing', '/wiki/Computer', '/wiki/Machine', '/wiki/Power_(physics)', '/wiki/Energy', '/wiki/Physical_quantity', '/wiki/Quantification_(science)', '/wiki/Mathematics', '/wiki/Mathematical_theory', '/wiki/Logical_reasoning', '/wiki/Mind', '/wiki/Thought', '/wiki/Cognition', '/wiki/Action_(philosophy)', '/wiki/Philosophy']"
